omega_ara,pH
2.24526204032694,8.117351699952644
1.4782276551877673,7.951082145305097
1.2026484295528952,7.864060567448897
1.1374742798614554,7.846151108465584
1.135253756729344,7.847637503200759
2.644697136805128,8.195205697410353
2.6075694304830366,8.19939633516903
1.8227552101654196,8.033727998905443
1.3321454882661359,7.904040921626412
1.084096377156215,7.822667340723019
1.0995643563956938,7.828260735840258
1.020053186736312,7.79007463683392
0.975608157908631,7.76682912560355
0.8864570894539311,7.718995076915711
0.7852001990973273,7.664684027860536
0.6997595777723586,7.613360709748136
0.6714415065340069,7.595972744023866
0.6706610107372312,7.596189984160456
2.3821558452884974,8.14612778152916
2.1417125696100046,8.10111168068774
2.0076803522434443,8.07252364874813
1.05081407908682,7.783286518071013
0.7294605489508623,7.628822624614569
0.7109404871116458,7.61887903010708
0.6241482300958385,7.563360712154218
0.6239682361286134,7.565538204883489
0.6294494793010204,7.569862615820664
3.3217232512738004,8.323254337677659
2.549009586117682,8.172222741192037
1.342985512347052,7.920532680690207
1.2201698681640158,7.880914637314776
0.9815864991940431,7.77642239044633
0.7557652052276961,7.650711883439022
0.8092869979106407,7.682687216574958
0.7363607425258967,7.632967010860802
0.5993575520723036,7.536900035482349
0.5696432574839387,7.5175361057883245
0.5814704498163079,7.52797921026577
0.6287564146581647,7.560846897577717
0.6542810060558473,7.581697284458445
0.5964023659372366,7.535529147627767
0.6694025813969845,7.586869416593752
0.6087270109699354,7.544642410394756
0.6123332340137858,7.548358446212243
0.5874196215727054,7.529175880884195
1.4191194598800259,7.934288971937136
0.9434888189943106,7.73008735902056
0.6851924357619587,7.6039654111334505
0.6217895656826254,7.557711151853476
0.631843702810762,7.559889811634367
0.03984981880805222,7.573749550135367
0.19088778588386898,7.609641342382262
0.03832457828561979,7.57745995633791
1.7783267152712838,8.097602606645166
1.9918619791296122,8.115733912960936
1.4627487136000428,7.934125601341367
1.0363345427479784,7.777419300178686
0.8569639291419157,7.696810951273496
0.7691283841747244,7.649667910677752
0.39139214386987714,7.629575248384341
0.40083826968352276,7.595349206021757
3.572628553754839,8.358935874837345
3.241482424106386,8.31481080395737
2.356836964511781,8.172673155995916
1.0555949499143247,7.804767735728226
0.934499919442389,7.747487024465867
0.9363390980266995,7.744477017967879
0.8550521650869396,7.699051687434503
0.5735241475035217,7.521175298004475
0.5360298159882692,7.4906664532075995
0.5455078066254351,7.49863634160547
3.0950792616353704,8.252537714226223
1.587091702897529,7.9621259145022965
0.9536697452089243,7.740473199976521
0.6883647834918665,7.604511842760591
2.9888344018128716,8.266451708873502
2.306123028077605,8.163309995738286
1.7959901279967723,8.055973128374408
1.3509079786869478,7.921919007550859
1.0648411608828443,7.8143332507602326
0.8641226313610246,7.714438346213477
0.8080854090735156,7.67859239807393
0.811644587657608,7.68003021080905
0.7291434750058474,7.627429142417438
0.5635818770839874,7.512763617849856
1.6913940663035791,7.999755696202609
1.084756601641583,7.80865884237854
1.2019200187415844,7.849131265832333
1.1979612155210035,7.84719392283711
1.0536340485473215,7.79102967613153
0.8045670702543639,7.6675587134764775
0.7769541304047511,7.651552622183065
0.7322835748381857,7.624133480300092
0.6945286173943589,7.601979133416009
1.8452090647684753,8.032882823968556
1.3414444287489564,7.887870637266913
0.8372890891273935,7.6839486167509286
0.8181054743516523,7.674224471175365
0.7572065218515095,7.637473022447056
1.5369260569688183,7.949477874073039
1.514835694196305,7.948497134102214
0.8591283094070429,7.707195309882701
0.9189196318179969,7.740053231485781
0.894972233931744,7.718911479810791
0.8217842594559951,7.676545866901304
0.7741263907457341,7.648805447035184
0.9086313455642706,7.710557728283057
0.8149121653616462,7.665024543394829
0.6871651218286715,7.5908241446716564
0.6094440135213572,7.536774451312015
2.9470763098405977,8.221825196865188
2.8751643607985606,8.211159378968413
2.1225703228176114,8.086191516985824
1.5754999013559667,7.963235149281422
0.78525195922603,7.644488415624562
0.5456979475711687,7.4919260604764055
0.5485335997599944,7.493910446843866
0.522494945179803,7.472886687247136
2.4619912249793416,8.142588675427154
2.2865198389913783,8.110496142635986
1.37881544698193,7.897720046617499
0.8250802697061426,7.6680566152632625
0.7972348640354994,7.648567808250834
0.7936665394467798,7.651913011550394
2.390418641410992,8.13425776180357
2.179975823502083,8.091865248832052
0.9269989513440096,7.719093424835737
0.8127343382423411,7.6623141114596445
0.811281867634485,7.663034103856452
0.6949841047719821,7.594156965407542
1.4140137544475835,7.8993496840657595
0.9914472404050693,7.744423694198912
0.778387118626568,7.641291209025278
0.7523964343596674,7.627224389125954
0.7449024570597667,7.622301486075992
1.8161885218013043,7.988257673565108
1.7857942688110031,7.988428121613495
1.6837196255528464,7.9749499431163215
1.461664040827982,7.9185285603149
1.2849455381399044,7.860027717178247
1.1041494924208017,7.795360778108606
1.029782730190187,7.769976905074523
0.9165343526774556,7.714363514722982
0.8974198746357659,7.704310528222147
1.545647936433336,7.926392709955722
1.4548874335498625,7.900823304263055
1.4280094610720813,7.894600847982936
1.3832347277284311,7.8807164810639625
1.3166420863239674,7.8537697406018125
1.168297344706607,7.804899960708327
1.0018589693370537,7.736946886412537
2.717910291221631,8.187629861039262
1.2258751298425679,7.825525502622735
1.1854639709259969,7.810509404279415
1.197380717440721,7.814119053648339
1.0865012900229474,7.766558536371447
1.9758889713817025,8.040124759949835
1.953489846614172,8.041263630574637
1.8157024813646183,8.018782752397565
1.421463370454623,7.925508423459604
1.314574620145285,7.8915546563313415
0.8348240219195286,7.662690767168171
0.7714772446018678,7.62608269191688
0.953928264942385,7.737707762765817
1.818457685340491,8.001388338305144
1.5488944528512356,7.950376717890846
1.5111239575233846,7.942593380816665
1.4587375416239738,7.928401888514108
1.4772585707809016,7.933857790756349
1.3880654569862474,7.909093761535195
1.3266839392085985,7.891026220146164
1.0434770736068442,7.774200325584453
0.7795955027456527,7.631643311380821
0.7708655780530914,7.634227783824321
1.740034934498761,7.989986435238062
1.3952252678776766,7.909635245485036
1.2124045806100643,7.847079791602195
1.1818089075447475,7.834126507589143
1.1045386914211939,7.802789173041632
0.9005391127109809,7.703414185222985
1.0551229581586559,7.780638137477522
0.8373778288096438,7.668985574726712
1.8742335266095422,8.015122626965084
1.6747943751844823,7.973618978119695
1.6363747750028965,7.9644464731854985
1.6104077556173622,7.956904951476769
1.6096220297896642,7.956569432341765
1.5538859018937092,7.947936173654318
1.3483445348345084,7.886669419216207
1.9572564565999147,8.00615519175152
1.898719312112579,8.004711367694455
1.8130805865607604,7.991614676232378
1.5502533746881544,7.927039157479583
1.4150800961584353,7.892296167608698
1.329477547852523,7.868302965454296
1.274591382796831,7.868560810325389
1.1026502932443447,7.7978982607219995
1.0212340559648772,7.769070650885318
0.873588450548399,7.701624528721117
1.879072123718787,8.01097732852767
1.8702056281106731,8.014485405852241
1.8764827099329389,8.018335488906274
1.6678910522651391,7.970903977565242
1.3620097858070903,7.883478741234886
1.0414919061260637,7.773344440002443
0.8696615893743022,7.6957656527474985
2.56626294891363,8.070981846487257
2.478096109921673,8.0687461044485
2.0490720542596828,8.011284193762574
1.6227992846774406,7.956550335217376
1.224384953912672,7.833638864088709
0.888181361177789,7.680233773921276
0.8645904427641851,7.674227424420525
0.8664471497698003,7.677118416893755
3.125356946363297,8.207514792141703
2.9142446348710127,8.181047340491942
2.7266442908352486,8.162276446493024
2.221794549123697,8.071671587104422
1.1944715008735118,7.798376433161103
0.9120296055634459,7.683744744944855
3.091825232551172,8.206250336868179
2.889231754339617,8.176855407193543
1.8941775892947406,7.983273961640905
1.4013771991842299,7.854118529390078
0.9761943704341199,7.70618695528845
0.9221260144849273,7.6866794510856495
2.8227864551009128,8.151131864750113
1.532860833054073,7.889083722122876
1.2503275373459997,7.804599975963347
1.0942454488770912,7.749237864072359
0.7886784533053786,7.603568076203315
3.008443043867724,8.198773572054252
2.9261418991661228,8.183640137758466
2.1392909553440025,8.0425846586522
1.9011727155696743,7.989459435205516
1.0719478854612916,7.748420739764802
0.9337445109035313,7.693708005658644
0.917574335406028,7.689984938619077
3.009861118037508,8.18329850718662
2.608892398916307,8.115149927780216
1.6914368451010604,7.922821955553331
1.2024181832909686,7.790909577814506
1.0400205073245818,7.734986958585973
0.9626873175374787,7.7128657880760665
0.9234440963576332,7.695472473394699
0.9017567512033037,7.6841485580424544
2.659917766895456,8.127314093095508
2.2246387085657466,8.052488767069146
1.5062155115785099,7.878184020877399
1.2471247696120127,7.8113928325131115
1.1159504533440308,7.769639457761841
1.0573332359244552,7.750041464401233
0.9819494213730817,7.717604725407676
0.9803162028857045,7.717171059887618
0.9338365497870091,7.69618847390512
0.8993529632799275,7.678489859786074
3.0535247109168817,8.195851390808839
2.6418620467320917,8.118379704945164
1.8427231033752276,7.978010487998238
1.6099345295815757,7.92106334230233
1.4506287134400502,7.876505425008418
1.203624101215347,7.800204225785861
1.0897199056805997,7.755360918895701
0.967296154713393,7.707084462234907
0.9137063452682522,7.683190146219115
0.8734925110999234,7.664113239192935
0.8446006747391378,7.650329009948516
0.8098509840925027,7.63592716842293
2.762015690214631,8.147205178926551
2.4294978162220184,8.098166644456857
1.734591150493388,7.95360731089885
1.652349107188968,7.931882467062871
1.2957577773370084,7.828359209896825
1.115422742715686,7.768373982969391
0.9629113285604898,7.7056733234749775
0.829983248987905,7.643082529903721
0.8070484405452298,7.633470027034107
0.7576229714268348,7.615564041407401
2.471197136140503,8.058603844592337
2.4572802154172155,8.082295339464041
1.8742673059482458,8.006723232800423
1.2755660197501428,7.856515677716639
0.9927596675427027,7.734764090052432
0.9205937243456938,7.7032166346693085
0.8737174563092317,7.684325083019864
2.151923414055722,8.03300792419369
2.1660540814159686,8.035968817209108
2.0957042126629686,8.022233991925633
1.6988884038648793,7.942096374043656
1.2597081980740727,7.815747236975283
1.0811745680961364,7.753201024323378
0.9959144067634975,7.722032821896847
0.9764992251477219,7.716691759517244
0.9059929251520976,7.687282474263761
2.7114814064887924,8.131686794951515
2.6336571327681897,8.124631602893265
2.221179759868077,8.055427047323453
1.9985997025478925,8.016552954235168
1.4969619643619994,7.892798422066633
1.1995006570480924,7.798225963252827
0.9259940295466497,7.692709089815316
0.9776781367499896,7.718915723503245
0.8595670569123214,7.665837486062814
2.6338375698292382,8.160078424407772
2.2189986106765422,8.088296445539932
0.970568743954633,7.754316545708172
0.9606088375897489,7.759700884093047
0.7390597900363859,7.634717563005338
0.7270672641424927,7.627329784408444
2.766465215956405,8.207935069831922
2.0697354960553436,8.084239168715165
1.6205093264286805,7.9828706283170465
1.5252553820618964,7.96551974813519
1.4500125739680352,7.964307057434955
1.3546781310704656,7.933298338985817
1.2362838789612656,7.885022731195911
1.0589635601411012,7.807419528596585
0.882056388200949,7.714563285189681
0.8614739698767013,7.701429260794858
0.7825609681664448,7.6598943494354765
0.7915832506915355,7.664902025830045
0.7647837949136159,7.651212168160319
2.79767599731349,8.210593514871015
1.1996092958402624,7.840821898620089
0.9697810587502769,7.75145573833587
0.785737257088059,7.660592176742565
0.7586243309608731,7.64724841997029
0.7707898534961872,7.6546848513280725
0.8110910354326654,7.676934231100136
0.7629435067082984,7.648566480639381
0.6880336322584252,7.603587336980758
2.6823088691268104,8.16681987077767
2.3255785610941953,8.105004029838057
1.2911877593977916,7.85932445645999
0.9163950820714712,7.734101722368072
0.881280574326458,7.718949944043178
0.8760069818557145,7.715490007772231
0.6583739702666641,7.580676003236023
0.6522509373826537,7.571519878479447
0.6418512599798004,7.563970557466197
1.492539063039997,7.8910526901345985
0.6713272204076404,7.571474886452661
0.6035276447128585,7.53226394532947
0.6318053534211058,7.5514449369533265
0.6329335954333869,7.55751477027871
0.6338903667623025,7.5578747542983065
2.7826962100387798,8.192618318116775
2.01484798741523,8.047972198019579
1.386245772576914,7.916386479194544
1.321361403495044,7.912187643524984
1.1464444397545597,7.847583512580206
1.0356468441211168,7.797482910252407
0.8364366042862369,7.694562872891941
0.6769484914910935,7.592879576595828
0.5782510241509509,7.519810566049684
0.47400836953210196,7.429726492436187
2.3408357279588055,8.09849954260062
1.7872797021652722,8.003549511866595
1.422739920993194,7.895696208294892
0.9955571947318171,7.777960082393901
0.7650268486018734,7.650746904401813
2.8668170614246384,8.197807516715981
2.4844805629211235,8.141711586421005
1.9342866826609761,8.041972894836276
1.4466564360106977,7.905358382016908
1.0332074491940095,7.790421888676662
0.8145438849264256,7.6785708270107165
0.7246261767502646,7.622915760265077
0.7371967075070246,7.630151998607974
0.7551157003970105,7.640835852950951
0.6053828934164733,7.541789917746941
2.8127606515239725,8.178340364703672
1.8162318643035966,8.02146829472092
1.620361242537815,7.99158888615171
1.549000135123687,7.980269599104173
1.5029679806785579,7.97347368092553
1.4579301129079996,7.960268682104238
1.2461940731481165,7.883941197398507
0.9834268009579481,7.770151361151585
0.7547972779903422,7.639552191618509
0.6646805152471909,7.5818255092703755
0.5848938682380826,7.525167498657537
2.589273197457567,8.17877841649968
1.874121305821401,8.005267451320636
0.9008948272125297,7.71390008896045
0.7601632654624619,7.643726423202358
0.7514587958601783,7.638583211559207
0.8290472919903429,7.681154360623071
0.7227882853948991,7.619154014581154
0.7013961668467363,7.605438317563198
0.6360611247762625,7.560888343625395
2.5045060864755384,8.159723557443257
1.1032037965582988,7.790120334825727
0.7977250826259996,7.667143177423703
0.8816393977530375,7.715578666923698
0.748665219354326,7.634024235673483
1.4279263424362942,7.92816433498837
0.9724535887520721,7.740289805508371
0.8799384570941995,7.710385027246184
0.8772469598469983,7.708834995240483
0.7510516650942697,7.63572077702828
0.7352903602128665,7.626002529707903
1.5993901254589167,7.988174008729111
1.4120068106433867,7.913733312572015
1.509644430187624,7.93749374212965
1.297994112006502,7.866532444080069
1.2320821009894576,7.849813592658481
0.5411814363077144,7.8134396474429675
1.083246339825759,7.96525767292917
1.124985523623877,7.834679015822296
1.077347822294903,7.805644339671248
1.12886647397478,7.82015785407052
1.1044204889435714,7.808318263959006
2.3583776673262618,8.10348960273625
1.7512970123659815,8.013140972556766
1.5231586447054828,7.958568111853341
1.3839577150779276,7.9180177691555835
1.1791899420483742,7.856233910752053
1.0894251063760894,7.817267505319059
0.9674019759631434,7.751652353025518
0.8512562134953001,7.690422194717349
0.7481489573095733,7.630735886991831
0.7404475809798998,7.626288825570331
2.1987184625956564,8.085577633211624
1.8403157823008216,8.016379168169074
1.538252018803464,7.944208048842786
1.1876525441296937,7.830853786856079
0.9229290629309731,7.729776250230919
0.8747622560994923,7.697823866381684
0.8279936367517631,7.673971697546052
2.4816245057094575,8.122026531217832
2.1605008723855135,8.080891511877942
1.6760250879491128,7.998255063797885
1.5198635994775307,7.961085026086689
1.2597945911323936,7.894409008640109
1.1389619719379949,7.845528265648604
1.0545715405502003,7.801221933259478
0.9333220712730081,7.73780802056902
0.8296228269520617,7.679583651509985
0.8097574699118714,7.668241729845364
0.7496441982292857,7.633974260587686
0.7263975269746238,7.620396886023033
0.7278089657471816,7.621793870320959
1.3398043239562203,7.870703402829037
1.2019361791291943,7.832109723911959
1.0130580073664897,7.773665011198563
0.9146389533862911,7.731835485901978
0.9132167884090112,7.727449419671442
0.9261099618330403,7.731039374034048
0.874276342256,7.700254855293871
0.8503879866374302,7.688503836233326
0.67067094397587,7.582991050076084
0.6752705103785898,7.586084319657924
1.4849142226884813,7.915747328177547
1.3263091852447413,7.871274076858784
0.9870732368658399,7.765168072723956
0.8438924142116427,7.691218824405864
0.8324749135326242,7.676306822788821
0.806382516638439,7.659855716973095
0.8012154167469414,7.656642206539045
2.4787183700128335,8.105427985265406
2.4152072026512914,8.092288118962323
2.187641434974208,8.087321267254952
1.8641073285098968,8.02509923016146
1.7766057808153584,8.028426268215851
1.493631417291069,7.955523170349787
1.4237410062036433,7.93959422481393
1.307159955423748,7.903299673877861
1.0094772400736665,7.771860887397463
0.9146630390187585,7.722901482930424
0.8122547907295551,7.667711737159489
0.6866185987306035,7.592512951079751
0.6866605114195337,7.5922223154985184
2.3303690618590984,8.126789127240288
2.3033811670556807,8.12067094999936
2.2530593095634184,8.116325565225537
1.9585018862781671,8.045909160226067
1.2354794640883184,7.8450803485053955
0.862310084927548,7.696542044034898
0.7462352953115625,7.630101872406695
0.8665331690220158,7.696384560869384
0.5934685117919402,7.524607813417621
0.5332331973797773,7.476406192482425
0.5282546194621247,7.472114443886622
0.5224126812380117,7.467151053782148
2.3143683806229682,8.130234135455549
2.042306080373679,8.069088006131334
1.6137201120313351,7.967724237895011
1.810335180366915,8.008372623019731
1.2005737778692445,7.825603097039545
1.0225262422094192,7.750764980774636
0.9086755859024778,7.700564835445724
0.8101124979964622,7.657824652116702
0.7613559070610271,7.637888733705013
0.620769587022911,7.544720637252861
2.7395033733141667,8.208944559615048
2.053613056110864,8.059205189093053
1.085056880968313,7.7785334407344155
0.8399196805903765,7.679275569751449
0.8121064812440111,7.667696262932832
0.7958251170009462,7.656957671922563
0.6749082003919289,7.581926056879569
1.7555704574558326,7.993508937879153
1.4405335611316237,7.902775821825666
0.9570560254519646,7.727704972732397
0.9021665206703555,7.69694613226419
0.6734288204459805,7.573551789106169
0.6018884514834737,7.527296197249708
2.2511075010937267,8.100583578571504
2.2241229050303795,8.106810107277585
1.6022913369531406,7.980047602999805
1.2605611275646404,7.884622116914985
1.0741219812047815,7.807143032512567
1.0203686725559813,7.781223550676959
0.8913907172694107,7.713462687246114
0.7402338320835761,7.627667893033882
0.5621320378691376,7.502057657426284
0.5147982477412125,7.4623150300670025
0.5277471951664061,7.473270686494447
1.5094222345267445,7.925876540728742
1.253736250721485,7.851595894816684
1.0497458339335415,7.7855159940932
1.0009454806964093,7.7641126090297155
0.8814663424745695,7.7074622437942235
0.7728011571799427,7.638554499755102
0.7401016460854244,7.6220111599627005
1.814880629641042,8.021097215929007
1.8193458606323774,8.02252369487701
1.8154540852026304,8.02181018903288
1.801843753540837,8.018256270787518
1.7976233973938107,8.017778041424503
1.4812431605343226,7.931348213479648
1.4339655389088801,7.918022765004198
1.2329514823333303,7.846619917718346
0.9746844428416782,7.742119973534215
0.8908598584349602,7.702759850126554
0.8691470399795366,7.6918096296626235
0.83297038884115,7.673445270324678
0.798821950780741,7.655067870877453
1.6423772321678427,7.977849436781568
1.6210777230133102,7.971802017975116
1.6091070738661444,7.969260206017319
1.584529083728523,7.962223450812425
1.1739263837402276,7.830701122749931
0.985997518534087,7.742877974804738
0.9494216494437808,7.733925749386361
0.8442113157470612,7.6748992126415745
0.804470814622693,7.6537012326100005
0.7966113609859904,7.649165584924353
1.5636378468570609,7.951143429813985
1.4434457880301053,7.915963964039436
1.2202053279385972,7.843919204634199
1.0175975582825945,7.76678733552861
0.9178399172157534,7.711957138319664
0.8547953575204637,7.679471545229586
1.522385562907111,7.9162933030817175
1.4836576540254196,7.908258025351119
1.4747822259660335,7.904236056176637
1.452147357939641,7.89704879870515
1.4612165899913332,7.899591083510523
1.3567114251452665,7.868198737133612
1.205606742382928,7.817885697944897
1.0102224799635597,7.745449297179134
0.9527153934826234,7.720511489663643
0.8999265132977653,7.696921296642226
0.8852029652426561,7.691574879427835
0.804058847375922,7.647359904335283
1.3327090514802098,7.858325671315012
1.2729473680798027,7.84491975023342
1.2471437896465762,7.8362741271482355
1.175789698378369,7.810030982707368
1.135693961628008,7.795547599906955
1.0697351634114916,7.768732481064806
1.050314561635214,7.762054422798352
0.9388954824943035,7.713585425407245
0.8954164234958291,7.694529750150595
1.0195120868630345,7.74483218070857
1.0059770622098207,7.740532543581864
0.9799095037577429,7.730040765647396
0.9464901327509305,7.715592870523759
0.9290203874541337,7.710829696013968
1.9923615590493842,8.034874714751608
1.9262294819129364,8.023158365935172
1.8274567565115305,7.998598101460483
1.4901380473380823,7.908800974760797
1.3549693272116692,7.867892203893079
1.2648228610055612,7.83673839548952
1.1775975204975127,7.805502083606397
1.155648386484011,7.797866432639489
1.154282952609944,7.798474868339106
1.1146340693754224,7.781462406790315
1.0972191425255995,7.774950562827598
1.0772172662493766,7.766609333653637
0.9940361490352828,7.731415279157911
0.9472135813446715,7.710649082746238
2.177941424413107,8.07271544486225
2.082828078255052,8.055502259306845
1.95728391705505,8.03027036264593
1.7001966877981778,7.965895292628675
1.5015869729734332,7.915010607651996
1.436903841391971,7.89480914893501
1.3892620928111201,7.877873538488439
1.3115349224144603,7.851784342497958
1.14375199739315,7.792918339597451
0.9086793888363569,7.693830999403427
1.7003032067704933,7.966740225397107
1.5400447689970653,7.925327703217095
1.4893931578677233,7.9096295932922756
1.4907465716941302,7.908841942517153
1.3503261801851771,7.862885106192528
1.2745043714638498,7.839272100098463
1.148455639238458,7.793987023509966
1.0470627651126199,7.753075144220929
0.985546275891728,7.727021178211253
2.683053958171483,8.179980895078009
2.282750597350023,8.103071895144254
1.9736535350109212,8.039118908284381
1.6772927608020807,7.963160009255141
1.18914470987972,7.81184384893992
1.138812411156578,7.793244075408923
1.9238548631453605,8.013927262701431
1.8421847019310105,8.000201971360159
1.7940908942720573,7.998179451005722
1.6173103030060894,7.949431263069209
1.1635115230858752,7.810213891229481
1.0131569046630267,7.746717832073578
0.9852973603504878,7.734457852841488
0.9588488224958216,7.722087232767684
0.8947631247320177,7.689667652746006
0.9012597866903197,7.693062402112737
2.0847338666191657,8.048818256828014
1.9958936893834611,8.031455690124869
1.8275570288029321,7.988626606281475
1.354889927003799,7.87543352917315
1.2368102536119279,7.84290105792438
1.163819440834683,7.817532948458942
1.167980310592399,7.818613193905378
1.1144783294844047,7.797648598092696
1.0417424656623124,7.767599489464502
0.949347142480227,7.726461751538476
0.9069781897455648,7.705736351259128
0.8622994669985099,7.681325731160864
2.1829326124342328,8.058430201678103
2.208117444989623,8.06999798528249
2.1644278838782363,8.061755569566468
2.098674953402414,8.050560814884676
2.0534610604319097,8.04946983653195
1.8064852514906447,7.999968856957774
1.6723282078738428,7.981888231562393
1.570198223182976,7.959708803405196
1.283340994330815,7.864740196825409
1.1646079257373094,7.820596200357322
1.0579619744399775,7.781922665455861
0.9700991735460993,7.740562719043602
2.1458958285736704,8.04647951166034
1.9744481784333865,8.029836680021212
1.9462254652995357,8.025201963625936
1.8798645746324494,8.008357643355598
1.6790822276851383,7.954316390025012
1.2586848976401392,7.835770705468561
1.154811866515093,7.7977444270921685
1.1415899157304623,7.793728091447229
1.0674349954190878,7.766071471572766
1.063293649557485,7.767981086569586
0.971120423169723,7.727699435371691
0.821060681120892,7.648846039064872
2.300407005657814,8.064001197569937
2.300969242353897,8.064777013577997
2.3183466530372314,8.074990401877104
2.296917928716574,8.077051598595206
2.1402585389032103,8.056611777087355
1.824182328862731,7.989483164088801
1.4327592497001307,7.899229071199775
1.2678702605153842,7.846438065825434
1.2695490705506454,7.861544855965547
1.0391357777187669,7.753602930956374
1.0158259049524352,7.747129941559923
0.9196426889561258,7.696839010121392
2.1955433630688566,8.045856042105553
2.284730312505415,8.064829884776575
2.377646220626781,8.085041581084425
2.18227051599201,8.054629633381413
1.6444811674521316,7.963262812962237
1.5005517266220765,7.911828700866246
1.287556899891287,7.865169210728176
1.113280047644352,7.775296388695661
0.9710157146761296,7.713146067401996
0.8938986002328033,7.675641036236256
0.8983536334798571,7.679375504240641
0.8576943770623395,7.659609490194878
2.1437377123002452,8.056218695323997
2.143693592594567,8.056235379943349
2.085012377418793,8.042428827714051
1.9739087454831936,8.017665980723114
1.6006088679568593,7.9271982695349745
1.4228376408778742,7.876860008792384
1.1682647845890493,7.790422979057297
1.0768986340811308,7.7562956165662245
0.9369995527292645,7.694953879454557
1.8123818705447727,7.9711985573846365
1.763976700613353,7.958654676314874
1.548748593134651,7.905591644767982
1.26198502324952,7.820038238162761
1.0550505442506268,7.745454672825623
0.928474269165351,7.688225973526738
2.311684405976943,8.12154701739001
0.7058048527768658,7.613468825507854
1.656599365871069,7.960476726529763
0.8734024666898276,7.7081988494231926
2.1578039319282962,8.102932298070991
2.0200824373817463,8.071058916693554
1.932791351467699,8.05665733349725
1.7257675849441867,8.016285961596866
1.4940253290807328,7.964361396195317
1.5160573580726664,7.974316911276842
1.2975129741424052,7.905006809206495
1.2798397245267685,7.900914133486701
1.043267795581951,7.796403757419402
0.9302770620000399,7.741841920930193
0.8197001580953165,7.681738965403155
0.7988070544986475,7.669222935662786
0.800305201337239,7.672163422062617
0.8272827838205788,7.686377234296872
1.2418542088828333,7.838184110620325
1.1620370677273755,7.808168118515947
1.0678244795054,7.7777963865811115
1.0537276342344444,7.7805605754398135
1.0162848093237065,7.765251892294233
0.9772039061626269,7.747612286464125
0.8067813970241028,7.667445060807302
0.7204360793252581,7.623468154487261
0.7026611941892826,7.6143928887364805
0.7233309731549613,7.62554678926515
0.6602467983528462,7.586215553501281
0.6725976770516955,7.595789984372462
0.665482146849555,7.591814730003807
1.672060598749538,8.028387720548395
1.3448922334167097,7.881610016596655
0.9608639273045969,7.740006026669965
0.7425915326052182,7.633103821033295
0.7602141824627169,7.643042968112798
0.7572430563023955,7.640150178671581
0.7640956115572672,7.644412248192554
0.7436531327646754,7.6330858495649085
0.6845174257069122,7.59655654638238
0.6511486520612085,7.57309622891241
1.2504433697309276,7.919631827665958
0.9107400521224744,7.71938023816073
0.8209606292019159,7.674580795662337
0.6759475592652484,7.590960737706667
0.7909146765579177,7.657597229072932
0.6049704892343137,7.5356906836676405
0.6313636944849932,7.555110607670068
2.0203542074899086,8.068818164833488
1.1775491270133365,7.832346755165412
0.9844809043634072,7.757320110940829
0.9016685472337668,7.7215911686411784
0.7646746781428676,7.652482774159244
0.818107826941478,7.680784203159644
0.9055129243219164,7.7242723489493725
0.7228234650110928,7.620842846789356
0.529249789532299,7.479087375040491
0.4838445013074309,7.438562770638886
0.5059235668013972,7.458766591903751
3.9798412610350247,8.397200785135462
3.5309785562041376,8.32979339318317
2.665384027698678,8.190724936667827
1.2020073956629354,7.84017495513681
1.056328243783168,7.7992758173873264
0.8918405671724677,7.718578711213064
0.7668933007976857,7.646900555275776
0.6881561789241153,7.597134418773291
0.716470971225322,7.616757696137352
1.86354974513254,8.047989581040133
1.7500358134348233,8.034369316539024
1.5974752609910934,8.002975704139816
1.4896394903825743,7.9738173766348615
1.36154426665721,7.929969577079327
1.0195086359097696,7.7877683471642
0.9582937410448212,7.741907370009444
0.8966891584942885,7.712510920551997
0.769212262518256,7.646240031821318
0.728204100239592,7.621363673945369
0.7201303148347016,7.616236235712124
0.7174463420320213,7.614617202233991
2.4962835130238514,8.17233005217104
1.1219121314166576,7.808828344534448
0.9331304704687481,7.738953080682368
0.8420172971315332,7.692719157755279
0.8257175938668423,7.6816970543411935
0.8285351125688724,7.682309450114308
0.835077216710577,7.681706093487929
0.7796101962049137,7.652535661152923
0.6833240545542317,7.5928287067490166
0.6199617733593669,7.54927939691543
0.6269943695371472,7.554108708304725
0.632090567762066,7.557576698106306
2.4450466677206544,8.16303286643052
1.1724449957686018,7.83005413293426
1.1063455472729278,7.804573409119546
0.6918430218153492,7.604706791959613
1.178762409733359,7.826364893197506
0.8499696003451613,7.6880253064518635
2.966503475458648,8.239784207884151
2.1986014136119594,8.110857657502962
1.0829946379444286,7.808236510778035
1.0625499945187233,7.805570321478843
1.0631043028135252,7.808378240046545
0.9334349382844767,7.738771027009273
0.8862864192492712,7.711963481390306
0.8916033276740238,7.711284432768105
0.7909442403830136,7.6573748312161936
0.7705744838366885,7.645839804562003
0.7565955247806406,7.638812270871938
0.772092811709416,7.64740427719344
0.761091230545237,7.640884917082065
3.3525935598830996,8.310322822741062
1.8202433313177455,8.035974931464919
0.9135517542716799,7.730331640830742
0.9906317495193324,7.771731349717992
0.8913994369562687,7.718182350223475
0.8346754083401872,7.6823232298320105
0.7657748926121378,7.643025983589309
0.7020694868753183,7.603824057137314
0.689965669102289,7.595574295601338
1.7684372504292525,8.009160426596951
1.6857823547691844,7.987538332150235
1.3719445819030343,7.891290424855589
1.1808416007918219,7.824299974543108
0.8259104205192861,7.665567283109929
0.7228728487149765,7.608283147847253
3.484772708805878,8.33691733873468
0.9886548486102608,7.765306565360351
0.8920472180709886,7.721977495179091
0.8293441356382422,7.6817112358089314
0.7547717944940022,7.629650172604311
0.711244789384869,7.6090560304414785
0.7076722427999337,7.607827279545658
0.5975425395870605,7.531810823197507
0.589800679560289,7.525730205309227
0.5925494513980214,7.527836795098739
3.4063847341839635,8.303028651825315
3.1444592599426016,8.264247502772108
2.1604011580786118,8.084867710192611
1.615357341896263,7.9647918985064665
0.7900185140948546,7.650416451437347
0.7028060145618709,7.602817026820178
0.6891000132903241,7.593485921388038
0.6428904098446052,7.561961352238365
0.5653506326462866,7.50473876068347
0.5577486960039361,7.498486024587345
0.5491786852471299,7.491777272527992
2.0838199556502492,8.070696065975744
1.2564125868579432,7.854080630993981
0.7583124304583565,7.625641734661315
0.6425948406690708,7.55987835776952
0.6546572543524884,7.570053223359984
0.607455463234999,7.535056881220125
0.5964420100648704,7.5285218288532105
0.5234041897702277,7.4689900162009994
0.5517488883614724,7.492678605279993
1.003535505866711,7.7479860370685145
0.9505925612208044,7.724933813808311
0.7556231165203889,7.62841867774525
0.6489824631570366,7.5666000538791875
0.7100948973468908,7.603451268317645
1.284898392424702,7.849057924578813
1.3012062591304483,7.855068430286753
1.29152245208519,7.851773401019466
1.2789962400516097,7.847476756300027
1.1623790244803442,7.806351579232969
0.9771123374184083,7.73372599325733
0.9146850065371618,7.705417534563192
0.9117506535098142,7.7062721170779085
0.8286277791076778,7.66204973016536
0.7829269137087086,7.637439959993909
0.7895461071525023,7.6423500899949275
0.7953004788090766,7.64842822510003
1.258951235694215,7.83922909181692
1.0769107998509484,7.7742836649170926
0.909410709276779,7.703238068851744
0.8650151466520151,7.68106075079568
0.8799938724186299,7.6905880481859805
0.8502397264665078,7.674704939354282
0.8383733800929123,7.66819721728845
0.8103061110670431,7.655974915602806
0.7740738376149529,7.636210821916475
1.2626166153768656,7.839750964898793
1.2639773281725237,7.8408833293672355
0.9763915597057873,7.733494970085509
0.9355451850602049,7.715376131651286
0.9203151754682356,7.710745573136983
0.9256487731596036,7.715171736020164
0.8024625421751376,7.649320763154558
0.8163284557804485,7.658279350645013
1.234076700583185,7.82947309575857
1.2276476523004454,7.827171810158466
1.2029848095535685,7.818656508117275
0.9858578167408178,7.734838037294685
0.8791323050872202,7.686162332332413
0.7825869957169521,7.632892124326314
1.7802737145214924,7.981794945077993
1.8113037548086204,7.987240716690608
1.81299577537569,7.986973089162356
1.7265911157489722,7.967597960210213
1.4216183678859393,7.886551114159687
1.1261924590492776,7.791914931332871
1.6969370920039635,7.951184874464393
1.6986141667981056,7.960725396366172
1.8201929378690573,7.98866009843112
1.6696925301041632,7.945975343410542
1.3201169462284978,7.858953186807363
1.0090117081330745,7.740072567501768
0.8942217544286453,7.688409343620104
0.7927711064825445,7.637485902789809
0.764081291998709,7.621143337966216
1.5091388929146738,7.91803094710337
1.4406095685017273,7.898399942247086
1.5474357239493306,7.9174948516893355
1.0362909732889187,7.760887869049496
0.9443452877503333,7.715316651502516
0.9174339288705562,7.701418251284165
0.8804827217098105,7.68296507600324
0.8099065619587379,7.646788169836743
0.7269065287471232,7.60067450261727
0.7295386380274634,7.603231767030847
1.8540681775224164,7.982201534692654
1.8078467455431244,7.981722551317918
0.9395173307388581,7.669728982835112
0.9141414506217521,7.669990733669345
1.325215043672574,7.8709514661064315
1.1674211593842339,7.822459957093199
1.0496958972965407,7.774743039020279
1.031234367107498,7.765618194057694
0.9252901658568371,7.716377921281383
0.8980435532448275,7.701213948450756
0.8550906906776686,7.6867966975750015
2.3011443946517267,8.058885513986025
2.295568806444599,8.058340690663375
2.126109006868783,8.03993534654571
1.8051422417672522,8.02356624497545
1.5770754501767823,7.940348321016499
1.3866072613388172,7.885407757499671
1.0385466940390242,7.770114453101252
1.0070690383701617,7.7635191567986475
0.8479908447203632,7.682796635699475
0.8113004643670819,7.673803198089966
1.4711354378260506,7.900656564355716
1.4772262910288172,7.903072668995512
1.371473539082753,7.871828326218167
1.2401921853560487,7.837665529229648
1.0475844861389294,7.7569927077804515
1.0434059567335932,7.772746035676787
1.0139970591633358,7.759815747619295
0.9152910849591197,7.711964350764278
0.8665473423117744,7.686808637101811
0.7375874020892318,7.608017794650382
1.543460331103292,7.923000291367592
1.5007991502447338,7.911563291898273
1.4202464303616957,7.890370842844699
1.0949048595933248,7.792031143714641
0.9785133799900986,7.735672755530412
0.91237360363791,7.704240794041831
0.869899395381842,7.681259964523919
0.7651991318252434,7.620200612492037
0.7667536839799308,7.620168307697142
0.7691147963554656,7.622248928395319
0.7728027525270879,7.6250086502770165
1.3815877724886287,7.879080175397875
1.3436425980867999,7.871280746546517
1.2905537817971924,7.853665971126804
1.2988841132387587,7.856789452210238
1.1657585380489421,7.8078758654141565
1.0187882703733293,7.7497188136304835
0.9293471593222791,7.710848875704634
0.8386932575342506,7.661773381595026
0.8229559875987859,7.652556572128537
1.84358214382217,8.003901296660592
1.8737162274633914,8.010554428147788
1.749768636594745,7.981860998296191
1.502098684506532,7.915743560554996
0.9926675089857949,7.735762658076721
0.9620856936309834,7.722730510574837
2.24934210770896,8.07064732248374
2.132594175723087,8.052020526114742
2.0172857761910508,8.021022387245813
1.8222642044455302,7.9760820843945615
1.6004909689657623,7.9268458493036436
1.4696795989331075,7.896281833779397
1.3777015361417528,7.873432910939198
1.267491257014906,7.8471963158384455
1.2183746853640105,7.836202165022708
1.1667971236820296,7.8238002478013415
1.0805746507570682,7.79017680031602
0.9997021824461865,7.755905614104891
2.199344649116352,8.053051048946719
1.4738126668064362,7.898848784575902
1.3294182714174105,7.859124041831183
1.2556893948486054,7.83162865230416
1.107216603690011,7.778029203221965
1.0856485923959611,7.785641542793518
0.7942344022993564,7.623491739564544
0.7466929248189527,7.598582549266686
1.7532826654090978,7.981396979601708
1.5298117722550615,7.942864718234576
1.2926749331532619,7.842455187274947
1.2160045040962657,7.826433403715198
1.064351458855259,7.756153970395245
0.8764113637149059,7.667290913491297
0.8541792098730316,7.656068757889481
0.8239558621979063,7.639737667970601
1.811399867356138,7.950167927858726
1.749608776936983,7.957389982317961
1.0133776862569661,7.7211894979003315
0.9123744936099076,7.680544746121103
0.8495966442665621,7.6521094770233935
0.788125078093713,7.617108402754273
0.7891351328835233,7.617880634968678
1.5003020742990028,7.867670665216442
1.1653338293134456,7.78346899168682
1.137315317539501,7.770312869795585
0.8115868012729289,7.625029863120937
0.730547257868872,7.57853771709314
0.7712390621686604,7.60449772356833
2.0395295510780143,8.024829182458687
1.2968466419072542,7.824558684887282
1.075136536861754,7.741873409525775
0.9834003663855896,7.705910708531127
0.8310835248842672,7.635849786204431
0.7791006962814687,7.607909632093751
0.7625920412486692,7.5994801286247835
2.363569843839151,8.070664561963284
2.1775205900214814,8.02953267923062
1.6369675139003081,7.916958003708842
1.4989294573787177,7.879623486402203
1.3488772425423785,7.854790859259487
1.178319536561337,7.81141010320536
1.0990065279010952,7.776496369337476
1.0041676854303432,7.739444345735394
0.9394809277385431,7.701930105184227
0.8093540605474383,7.634235098651811
0.8220505567613159,7.652683087745655
2.566810145413014,8.10738527590601
2.4114141955510418,8.080433467138702
2.1999133930369132,8.051458650747994
2.098931166747118,8.034138714155318
1.3399167100844522,7.8490868165908285
1.1095130562133386,7.7701569062214535
1.027723196121818,7.739291355945546
0.9367191364138309,7.6991601970232
0.8769361551475304,7.670526863844735
0.8712479872873966,7.668723000963254
0.7528280340051536,7.606266409268681
2.480405724571843,8.093387570141385
2.5104306512963546,8.106801300486065
2.2622506425058106,8.062749385390891
2.021192725333425,8.013376864177049
1.3946146214256703,7.864202702650939
1.2927656322697372,7.832277394539483
1.1618566522592997,7.783441995254546
1.159797385697873,7.783687545011238
1.0549799870351528,7.743065576587435
0.9912516858353605,7.715913007088384
0.872464260023854,7.6658372586219965
2.535487371016739,8.109796891901007
2.2543488267104546,8.050857122457703
2.2330889833786833,8.055047932766817
1.9401502556105406,7.986854314881312
1.2642351278876396,7.82198580872026
1.2100212339355474,7.802451820734911
1.185061230516248,7.795019774297565
1.1702951335660254,7.78967362703761
1.0940245837080762,7.760852873013832
1.1031368308911695,7.764728869269491
3.027840077180702,8.201985661786004
2.671541470377786,8.143030614328246
1.9609844846026963,8.012041917477854
1.6283358560957077,7.922744396911631
1.3848122033327743,7.8539130685354905
1.204302607491944,7.793443262653284
1.0965550498504506,7.755744844004482
1.1274479768950785,7.7754818846575855
0.9680512211027281,7.704205098419782
0.9563208362658444,7.700592799101203
0.8620652008479218,7.653935618949237
0.8531247609500938,7.65442549590127
2.3487719496873978,8.091681740567827
1.3164205339969344,7.836732806559828
1.1949416885147237,7.795182760893804
1.1559672026115535,7.781743106583027
1.0830041071154004,7.753665270401351
1.0066208048981347,7.720720826471911
1.0343457676354306,7.734699102215925
0.9579462506990738,7.699814549568203
0.8681267732387439,7.660944026364154
0.8503705867281337,7.652258488322014
0.7776008202118001,7.62084652111851
0.7580211880291575,7.612703754205024
1.6516708010773549,7.933669841533214
1.666145322389973,7.93780574221947
1.6590378188040733,7.936422448594495
1.6409199460548558,7.93206459177654
1.6292454537762802,7.928686227942213
1.435480296706427,7.877092729741178
1.1014656189347456,7.769122519421274
1.0636646975031794,7.757649121362994
1.0141289820023964,7.73713460504176
0.9629803100883446,7.714675578306773
0.9347277445807439,7.703122680055921
1.4941911118519804,7.888284430915806
1.5228848829206119,7.8977091476275545
1.4541036943018868,7.880999325201078
1.407126277197402,7.867643232616561
1.320418478602995,7.839767137882568
1.309135792881579,7.838433877842098
1.2140978098678228,7.812459240961065
1.0979668748224607,7.769790303203325
1.053456389799541,7.753178803461546
0.872269428068378,7.6670717786988964
0.8750491777339349,7.670366963302585
0.8183674703562982,7.640964467164103
1.5673212087342685,7.904532675578347
1.135683641083512,7.78323867118975
1.0856459799304488,7.7644634670792305
1.076007741078594,7.76147780073132
1.0359771048803659,7.744819265730929
1.0310900870748758,7.742912729746566
1.0180793052099288,7.737767747385562
1.0007505693590073,7.729876027304073
0.9656144346565895,7.713135596657481
0.9397304894122912,7.700594841580213
0.9084377332181488,7.68486080684216
2.282303550018399,8.068239655260424
1.8330823791688864,7.981660645747566
1.635154275614281,7.9339694656517326
1.5243218692940774,7.907981512874595
1.4250107761528725,7.876990339992608
1.261901494371659,7.827964416682303
1.118027271717464,7.776996762524006
1.0690956851751063,7.7579646345106665
2.4661095519389713,8.09178603568796
1.8887700604565103,7.9910007950186355
1.8053421985577949,7.970744002817724
1.7082373717643475,7.943898992281607
1.5998315435122104,7.920998002520644
1.5568372523284013,7.911532999608368
2.6783692331700504,8.03651207924629
2.5617094059376844,8.05279000092876
2.3791204685224074,8.049840199243256
2.001120659208625,7.995550162483822
1.899643715324871,7.987508328421313
1.693073198718455,7.949798317531327
1.5088889714271947,7.909883980351179
1.3098640355948103,7.85157788405352
1.161821372936525,7.8040359680160325
1.0575841392399128,7.766158384172897
0.9754135352469266,7.726762119486594
2.6741480422120087,8.059841427820405
2.584921609100158,8.076820960676095
2.5137097928031,8.076555187600034
2.348462611447161,8.054610362602014
1.8638122209809964,7.975987146680461
1.511153544535361,7.895032280349223
1.496115195734814,7.898672942568944
1.4072139635043044,7.879858771988957
1.3545639972760701,7.865476367305755
2.690006876605802,8.066703231553099
2.5028391984441236,8.05647729644096
2.37064534006401,8.055805778544512
2.0707243643900908,8.00845437848472
1.7815936887360082,7.9571282974187865
1.664760989810416,8.02340375875398
1.5187332705958572,7.980647956702536
1.4237198736406749,7.953828986052184
1.2966878690501429,7.907363386521138
1.1860681979123064,7.856318984550947
1.0440436965762137,7.79353487129174
0.9257434671499913,7.733029335675947
0.8882819554065002,7.713997851467883
0.7731287633834194,7.652325321521576
1.346861188109462,7.905088135777934
1.30232625440198,7.888639266365951
1.5992692652739424,7.980696428289182
1.3000133770913105,7.890476529110337
1.1794915747392423,7.846366132515312
0.8920693475095011,7.7213910619395385
0.8463567258278443,7.697802551433383
3.416968880575632,8.350964081248112
3.428837375730846,8.354427103753228
2.476810695728821,8.173817128388036
2.2798634200471817,8.133105691703987
1.9055251114754772,8.046830107883533
0.9029141095020575,7.706628467250194
0.7530982725472719,7.628313703776614
1.2197196888862358,7.840544126710438
1.2199131801909107,7.839453258268174
1.2003002585170321,7.830878570724178
1.1693695130974469,7.818449041881
1.1661123326326883,7.817070414695274
1.124008035911936,7.801392715570133
1.0310605030983295,7.763665794329867
0.9294088631955059,7.71866337826685
0.8538602294164331,7.681677951233661
0.8392937691761438,7.676758400919421
0.7763213190301314,7.645913081430342
0.7038994286222441,7.60467144921729
0.693470343830696,7.599928142959021
0.7138355129818913,7.6152658482118785
0.7055846299497225,7.613296218055765
1.1630835242037758,7.819742693255611
1.0341181301093008,7.770728650194106
0.9858262132316082,7.749542317342788
0.9030212033071835,7.710872812418733
0.8733580606804847,7.69639554606306
0.8560809247504213,7.687804313750173
0.8361147134758287,7.67847712285737
0.7884974558913759,7.6544155078866
0.7527163173784313,7.634209505061101
0.7325366961508349,7.622324369309141
0.7129311253999917,7.611623761598169
0.8299298110782217,7.671962521526057
0.7951096565632104,7.654295035278605
0.8033788543562778,7.66007344103765
0.7634361227741157,7.639960874229121
0.748807075777599,7.6332578265118975
0.6896029888345557,7.59877767371242
0.6989689270462304,7.60539577356858
0.9357443641225631,7.72958264351652
0.9239694282185202,7.723831692665886
0.9377480566318774,7.730320776172066
0.923329923104517,7.723445648804369
0.9087210934437958,7.716733237561861
0.8996453548782185,7.712312304183248
0.9004771512066925,7.712618008067306
0.8944432093137389,7.709532172394042
0.9069202233170963,7.716004303936087
0.9007648207307657,7.712427608865144
0.8258763629272122,7.675352500390316
0.8037064759471639,7.663366386547492
0.8087529713644835,7.66649802235663
0.8136146482182237,7.669272355699114
0.8018078805377371,7.663022898426364
0.8028311648072682,7.664031487908594
1.098973965833412,7.800060708464699
1.1534725935132588,7.821665811021998
1.1391985099210586,7.816016088303715
1.0921517953816249,7.796753192443624
1.1033804759441197,7.8014586881192365
1.1008751634594396,7.800598223606653
1.0829176661468665,7.794148634731194
0.8064728563081911,7.665875161254135
0.7914279655939601,7.657885297952216
0.823301163509956,7.675911436522576
0.7530700455148372,7.637945736280768
1.096315435278271,7.79909261800556
1.0793496691632172,7.79219364954786
1.1046356426189263,7.801979869310043
1.0679638929389945,7.787308026357375
1.0777086156523024,7.791350485920093
1.01063498391895,7.764344446295366
0.8652578733882182,7.69688535692422
1.2099165533070722,7.8212909935167945
1.2179881429100852,7.828850362978145
1.2278162703091957,7.835562020961385
1.2285048585946914,7.836654693446755
1.21704971541944,7.832514836445457
1.124434071167468,7.7961522142013395
1.1506135629920384,7.806675198382224
1.0593191705509752,7.772602188870955
1.0443725362259733,7.7696174766856965
0.9426924307638915,7.724747364104588
0.9554586866931598,7.732005539625004
0.9179240151462499,7.715633254776583
0.9065600911833022,7.711066170148811
0.8683125260949581,7.6927108857539235
0.7903623059342143,7.6493770185627525
0.7798143572484014,7.643053458809031
2.0229048164340564,8.078076943194132
1.8609720442594562,8.03694955901657
1.7423031479413533,8.005181339518774
1.7319539241404642,8.001863615800207
1.691920599899691,7.991019608790697
0.7323190002046497,7.618284789816259
1.9648749299517134,8.060327776652331
1.7826976599789437,8.015979555593582
1.619104001694111,7.970077672033606
1.5066608311323695,7.937403766907766
1.466853932547396,7.924888865678249
1.32660346739883,7.8791862965597455
0.9233982058641054,7.716047029791466
0.908317825608882,7.709255894721065
0.9264619469297547,7.718291033897615
2.8009503407266942,8.196612482582683
2.1019848227657776,8.054890625531524
1.1243112726029183,7.777107297764765
1.0406304445581671,7.74990933638845
0.9913191729762224,7.730394202666453
0.9339874565411809,7.704847259657696
0.9213243563675154,7.700908054364027
0.9042585081980736,7.692258285497462
0.8819255483701391,7.681172866219014
0.8597836133279593,7.670523900543708
0.8212905226643306,7.65143090046041
0.7520283596764663,7.611652086262994
0.7086633347462573,7.59041666033327
0.6871117099461829,7.582035327132296
2.0238925306263966,8.02006567904845
1.8489519666563727,7.988441753708966
1.5825639234003965,7.932826037651591
1.5583880371918355,7.919648909625075
1.4925837810020686,7.903363312040781
1.4051340933007965,7.877784097896367
1.100899247954593,7.771053016713567
1.0200676919766056,7.74281502268778
0.9563668376464669,7.715535537872289
0.907100264656671,7.69528562461538
0.9446597004256827,7.713242798716137
0.9084613147778744,7.697857996050271
0.8556055088984356,7.672310675714805
0.8400957274484984,7.665472773294714
0.8291016189128398,7.660658549782154
1.8537045984648512,7.974802493375756
1.6949497508279212,7.950927064717744
1.4930441355868556,7.893302955436433
1.4208536337782758,7.876893018274613
1.2977294820075254,7.839743268311274
1.1891120101110848,7.806106209654496
1.0242838556052418,7.742544365381306
0.9764903152953838,7.722709419977424
0.955466090164387,7.715792459891588
1.0627589265901503,7.764357996777569
0.896626596236646,7.691707137618325
0.8265131485750085,7.656533230985183
0.8035640097429558,7.645756715691916
0.8132732069811313,7.6543346313263845
0.7790631175969889,7.634424983103734
0.7231225914298125,7.600257864608256
1.8851281348342246,7.997222349086319
1.3161716256642753,7.842410274198422
1.123014442490111,7.781055634558535
1.1266242277722525,7.780868415054145
1.1251984774869672,7.779485530064387
1.1446156257562103,7.786103029566465
1.0712467276413777,7.7616254049789495
1.0239175391272142,7.741213352136808
1.0125504934419305,7.737415645124881
0.9860549768562386,7.72671872455771
0.9626021573689938,7.717107296669618
0.8541914359568051,7.670299654730356
0.859327198337029,7.674791966272225
0.8722648470917428,7.682096930791444
1.918767404540184,8.004576694969785
1.9110262938506835,8.00352721219604
1.8417834771080683,7.986468207892581
1.8301221703655979,7.981575817556452
1.5831195951058563,7.916395599710686
1.4674350175978619,7.884772370966007
1.154332127524789,7.787835726484289
1.1382253953932178,7.782331882404217
0.9625805855890187,7.713596565774252
0.8536392377079172,7.657907757387682
0.8007829479365224,7.6269581390795045
0.7958586436490654,7.6238350938504285
0.7698109795939063,7.6100057072581695
0.7561584106067428,7.602647079634089
0.8188463348859973,7.65063427159595
2.100011081708582,8.036138933593339
1.9908446518590135,8.014998643899117
1.732799530712343,7.953660373957344
1.6058553963207656,7.922955267407272
1.4047717226436618,7.868182715746525
1.2647522829613644,7.823851569806555
1.1480917227888672,7.796259122860119
1.0749608255674354,7.771741893146268
1.0824028261364527,7.777596292953563
0.9933249935580903,7.730037803048068
0.8912335656987486,7.6770915799924735
0.7878116742006009,7.622014074904317
0.8182300531398519,7.640958544238899
0.8863891080846432,7.689185695342185
1.89945711129246,8.006090847367178
1.8441480349219714,7.9933071619950535
1.5757917494623865,7.919628035056847
1.4468825948992072,7.885635636040154
1.3615401288560927,7.856987142612471
1.318556984697615,7.844166786559954
1.144681226293779,7.781924912049574
1.0955033511095635,7.762329503035931
0.9731381503367527,7.711100476293119
0.8884439233490452,7.671255443953929
0.9143403959419805,7.68457150541294
2.096517328542438,8.052464997038797
1.964532060453585,8.021249300132187
1.8516810949765214,7.996723964292022
1.8438677749551233,7.9955664789261025
1.8390120178273681,7.994099589770156
1.7645437974924845,7.975123143759377
1.516969829132567,7.905292523238806
1.3120279765874974,7.84069673925238
2.38380911264894,8.110157462704557
2.291057685169562,8.091704499733462
2.255404263831344,8.084633684700789
1.6716461140200582,7.947908444279897
1.3139771942627487,7.842820210148913
3.7439326397147683,8.277576727451534
3.4045255684028124,8.232726163625648
2.808135169470233,8.136403161580311
1.6953543262845672,7.926875974660697
1.2613419830959804,7.803237972186342
1.1449295668678443,7.765713430318826
1.059559364797099,7.735604098366446
1.0217122161726389,7.72484393566334
0.975766098904689,7.7069588026820455
0.9344350697010557,7.690348777594512
0.9192599390424017,7.685063279159876
0.90374058767134,7.679348324970318
0.9795763714781355,7.7224675182734615
0.9528275147478366,7.716135631656589
0.8664123042743425,7.660718899935602
3.4360494119624287,8.232064077005015
2.8225344092647404,8.135753716199375
2.1905265590054745,8.026548623836204
1.8933884994757033,7.980683935249137
1.1986429694732907,7.7784801781635515
1.111639799714241,7.752948308746793
0.9994590259057065,7.7133349635785144
0.9339847489987676,7.686669302556433
0.9208760625156419,7.685892525437586
0.8940846955971377,7.673689006366973
2.8503363268690234,8.131330093592174
2.9051043469070357,8.158284265789776
2.0119085309535927,7.982012192883217
1.655898453423383,7.935626333127449
0.9696906181014215,7.699077076386578
0.9230995618315717,7.678678564694336
0.9388769503994568,7.689152911611272
0.8955652670479733,7.669931166742989
0.9093762110426908,7.677103556204156
0.9157130681618558,7.683025866889397
0.9189498124171591,7.687498710229516
0.8563749017523351,7.656006137010761
0.9366164882565376,7.695425558570437
0.8444914429222917,7.651768978094462
0.8374358018263894,7.648765352130191
2.72537051489997,8.090858770750962
2.7588837481649477,8.099994984652103
2.7519116291784638,8.117093730992663
2.1881105157687526,8.053277459025274
1.791794251045145,7.961932230125327
1.4086503954793155,7.861606685953984
1.1547747027003852,7.776683000091551
1.035621058748703,7.7319418215907225
1.023196218686821,7.727979185723249
1.0413513057019452,7.745598231556454
1.0100555322988638,7.73433753102251
0.8871526519703508,7.679185595835295
0.8615408358494763,7.662224119943805
0.810911422365778,7.633566601746894
1.0504055397554144,7.761571809565825
0.9387383426900289,7.712721114720236
0.955511929720243,7.720235054593813
0.9298172074178983,7.711712286909466
0.8811792655061096,7.689148953723318
0.8586667140899622,7.678619603792431
0.8941465503564106,7.69665795164797
0.8968744482174635,7.69806083800902
0.9425904799199704,7.723858439937741
0.8973478609004022,7.697496465307355
0.9172248069725424,7.707590028879885
0.9307294290635352,7.712137209504086
0.9300484881546865,7.712458866093639
0.9841608081462884,7.737281768523882
0.758331368434469,7.631587236988095
0.7481536273104505,7.625579525029186
0.7775189095203445,7.636407392802862
0.8078275106873986,7.663537553848309
0.8180618865831052,7.673389232720084
0.7972063860263005,7.661850953391666
0.8198992707662768,7.664750058471058
0.7416186489775932,7.619416253705357
0.7590873497265986,7.631573996138274
0.729957068051207,7.6137490803584145
0.6482006116332728,7.563085032701697
0.65850919781338,7.570599007326557
0.6955368686308401,7.594658980648237
0.5504262767850302,7.491258472020644
0.7749567345577643,7.6386443823349905
0.7659899428295467,7.632887658957699
0.6986746179957475,7.596632036346444
0.5550635911251068,7.495072312962192
0.7817085068360653,7.646149781889424
0.776880869478111,7.6435764930560115
1.0447157219978143,7.7718080282137985
0.6162371766358619,7.538057233102692
0.5973477105737214,7.53137121975728
0.731969970998819,7.614145624234815
0.7636048556562224,7.633157287550637
0.7809581118797796,7.6434706809454225
0.7698684284238747,7.637298176240357
0.8288047190893835,7.670826014129555
0.8203430953394907,7.665691284191856
0.7263162971248623,7.611889651804775
0.6746375806234615,7.57725267859752
0.7030632625102172,7.595314303790892
0.7705748515617545,7.63654091044708
0.8449428114139935,7.676981213597097
0.873263666762026,7.692842615031497
0.8877395055727836,7.700353880984169
0.6444360824039801,7.55514817703455
0.677932080428218,7.579542851640376
0.7593792579402889,7.628979858219791
0.7348082073927027,7.6140256390461225
0.7736547327065674,7.633797110122627
0.8063758223972121,7.652130367609109
0.773154934459473,7.633204677932342
1.8135631313397824,8.001454182752358
1.727282718921846,7.978319691468846
1.6150323360823675,7.946001021121041
1.0347832876460743,7.760998357442156
0.8521509132993548,7.685357108868858
0.81902963225093,7.670447303347234
0.7073087872635863,7.607377904424301
0.6463851810915835,7.567933209160639
0.6645136763162937,7.569627096259182
0.7449719251254487,7.620074842980831
0.910620641020181,7.689474361393134
1.6543421863876293,7.957185867589574
1.8661860883516228,8.015520662751785
1.7301975233989366,7.979361106907945
0.8567586437779621,7.656786258259241
0.9221233569545808,7.683037966880215
1.7558193962597193,7.9609477990182835
1.9144214078930915,7.9983530572371615
2.2343987000443306,8.068260376889059
2.0945697441368933,8.039258145530379
0.6622131617836878,7.570180735934074
1.1165418260926545,7.813865176030051
1.7764394010550373,7.979340844449605
1.9707825133447652,8.03200447074553
1.9625851317772738,8.029698232484758
0.9483435367524298,7.7283334238974515
0.9839762992220817,7.7508700512722
0.6203944620428646,7.537630327831918
0.6798351905664991,7.57975377886179
1.03178467041831,7.765405517130214
2.43849380465679,8.124929619123298
2.5022829794825636,8.142699378689791
2.583064350074517,8.159463679841481
1.8341453019460778,7.970270616398652
1.970779056591961,8.012420043923747
2.0900104482257795,8.04299200312391
2.2219400888314347,8.077911566409805
2.2700153757603774,8.09028417354174
2.564547002592892,8.15886507220349
2.432519949562371,8.131573350982864
0.8765291581961905,7.685837027112709
0.8477333091312418,7.67336499923323
0.7427418547026344,7.613758652886336
2.1616218033663346,8.075150861361829
0.6699346871636137,7.5708773757522785
1.650910963698289,7.971051825083865
1.7240934712288545,7.968975306958439
2.3931543409037235,8.099670517691596
1.8658065404540154,7.998820338054863
2.3551157480553435,8.103122827438927
0.7862259286785723,7.626485006456099
2.2279974281882664,8.100123160974864
1.9318218815276653,8.013753381608065
2.2717364311405417,8.120849526691062
2.000164695643563,8.055300984393838
2.570147643131098,8.150336614149856
2.1094737927744545,8.060085565629334
1.1071200599300655,7.797483427603802
0.8586807351987881,7.674220705665689
2.278269683795915,8.077996284623119
0.7171303553155584,7.593797618253239
0.6150309296398051,7.528256630987787
2.218815210197539,8.068939117752555
2.137230316012251,8.049785287981756
2.0218662400069443,8.035600224146808
1.7294604449590405,7.9616263286112465
1.7132545934224432,7.963324139107522
0.8197095112786195,7.645102003499619
0.5193586925662161,7.455408353951774
0.8616632705708466,7.678211005594098
0.6263104224742271,7.53910488231703
1.0367643626464944,7.764524485094357
2.2831913815729092,8.08134976374338
2.036975200454023,8.041803703176301
1.4098434030224125,7.919905702757054
2.4527808241292752,8.110612903930596
0.9180801587262697,7.715405113664906
0.8411486458053163,7.674094666411268
2.2001206772246347,8.058808878309552
1.1528079725521851,7.828903266514878
2.1743348482819127,8.05321273483044
1.0696977335041156,7.783197058874763
0.9184969734685526,7.712965444937058
1.9344351143736414,8.00903463112156
1.803251282420164,7.969453313939217
1.582463975864752,7.928861392255991
0.8772156948652056,7.692491831647833
0.7408096287850995,7.617313452105325
2.4316845394967097,8.118400950985585
2.4180363913920706,8.117465674955927
2.421204350126762,8.116510065872756
2.160057650876297,8.060663229553143
2.2746115986853455,8.088853099590395
0.9278979868540631,7.695690294897955
1.7757048058013176,7.989011166678023
1.3172633596975374,7.838901087781252
2.1220436837468037,8.045997633564138
2.7865747270077716,8.183217361418684
2.827973412744786,8.187852634004585
2.37251300021316,8.104010041423876
2.10516898372406,8.05031009289576
1.97383591047656,8.02267480085111
1.1409291332491067,7.800833304287271
1.042921451183319,7.761558464185325
0.7291753888902242,7.602927791759488
1.1227090835433298,7.799951344775465
1.9769910198293745,8.024226022565603
2.231308306003668,8.069132923210631
2.2106167725072967,8.064270322799933
0.7609712793683296,7.621906172589134
0.8154472208538438,7.647654158866994
0.6265616991542842,7.53555314083207
1.6293559400123483,7.9457201416908925
2.235005514534579,8.067243048814346
1.8775101365795976,7.983898125812772
0.922505541882813,7.703196553368444
0.8467514605822543,7.663190513033831
0.68027900089897,7.572295491603313
1.6082453867145645,7.917937456764494
1.8000022454086877,7.973690157324734
1.1314346350295261,7.779868369496506
1.2215146295496149,7.81406631507444
1.8024389905531233,7.971952629248242
1.9236937392654962,8.00234267102438
2.0783782528161923,8.037286419711265
0.7539904538338706,7.604471848599506
0.8488086631641064,7.659348359024456
0.7762490549783472,7.607655787074062
2.229590737215787,8.071613875523056
2.407481421323708,8.105759231801148
2.3291519196201453,8.091710448387767
2.5846210624203527,8.052593077558209
2.5959167708866566,8.0578090299768
2.453815688307145,8.044026145886555
2.047985382089649,8.000235828288135
1.54366875297318,7.887334188346006
1.3302769788559925,7.832259456580986
1.1944144456837174,7.792862730000246
1.117027490138603,7.773916892932451
1.1361874581166191,7.787189433792635
1.010662488175385,7.735178114203078
2.6375300310868197,8.079047068888599
2.52759007586711,8.057677946255868
1.97792979731531,7.941574517450254
1.6993619941819322,7.923282757633507
1.394340409821917,7.843136024954472
1.2959261406864697,7.815111283575214
1.3355372506880612,7.830488718188056
1.9876969715894792,7.998958151156063
2.0414369567836763,8.011577890819032
1.6624679049633448,7.910432418346291
1.277207012968173,7.829642323911961
1.2235650849915014,7.817687480805628
1.1667290766980745,7.7984200165911295
1.1298616866046427,7.783296208057225
1.0168749455616637,7.726330728079655
1.0221950597804368,7.748207371575311
0.9679775221340722,7.722613644783444
0.917416303482287,7.69964983218589
1.3761768198487783,7.84769174896291
1.4060692116966689,7.857546194122816
1.324781338748355,7.830071421046066
1.324546904782466,7.831057663368123
1.3311030142272173,7.83419247762972
1.291830095980982,7.822023449729211
1.2474075663332442,7.810441822590019
1.1755697430839092,7.794158221535861
1.1289490844527867,7.797302777779845
0.9780378048859047,7.729334331924041
0.9368842983574993,7.712065073764747
0.8531747127982096,7.674064167577302
1.809506037765602,7.962623789818181
1.7648650547992792,7.950459705079721
1.4977298386081523,7.883457891363456
1.3224919300829214,7.835831019643008
1.2479757091704669,7.810756494225896
1.199486792502619,7.79481316513342
1.123445109178294,7.767867331458571
1.037090880798546,7.735321566416616
1.0253685558036971,7.734197929794018
0.9070437238071941,7.68042035890365
0.8609962890213667,7.658615268838477
1.9271813392544144,7.985643440152954
1.9684687900806102,7.995695950056259
1.9717881754552529,7.997596299486504
1.875048092098688,7.975776762241071
1.801860489184742,7.957979715484576
1.5866437105397455,7.905940539484626
1.4167817697201277,7.85341527355137
1.2933509116366533,7.822127359524575
1.2278939156632755,7.8017583393240795
2.014892677655749,8.00420008668419
1.9119131667239404,7.97875360267426
1.7626708378312974,7.94714933388831
1.712685186829117,7.934605362681203
1.7021092168243506,7.932484701798266
1.6390404691051983,7.918918119984219
1.4964746868382286,7.884252817280647
2.0905540184312623,8.03913792789341
2.0400861338313256,8.028382154738527
1.9104085515801164,7.997462374734995
1.4147442006338276,7.887902550316237
1.2461609626459216,7.841182692609164
1.1389444399649538,7.79926182839305
1.0693729380774204,7.768279647784849
1.0456077927692349,7.7583233126131175
0.9387460704651875,7.708566288438165
0.8885652618879262,7.68520020429094
0.8611319037477675,7.673633498731015
2.0539625544361595,8.026476574909049
2.0795465297576,8.03866147614682
1.8667381705573958,8.008538979584603
1.6568429189304361,7.9554892435129005
1.2989616913985933,7.853119598613097
1.2004171083260518,7.825204156944832
1.0823808991878665,7.767760086647392
0.9501860354719773,7.710247697674377
0.907568930843607,7.6956636181465505
1.9579617910150415,8.00548679704056
1.9357619429998756,8.00209430627778
1.7493926244069193,7.951653465629224
1.306440689566473,7.849685211496149
1.190291090903879,7.806626398921479
1.0926376593836218,7.767639311110557
1.0392073554484054,7.744781011216697
0.863675756346492,7.673831012054648
0.8626550938154908,7.674619934201912
0.8263428899296325,7.657238589235525
0.8048752021466942,7.646912753645246
2.001155811139191,8.0148191704471
1.786608233361419,7.963903424733173
1.2642977221044618,7.832461878304664
1.1643672605708277,7.797091463234843
1.1013696430158613,7.7708298010843855
0.9947878275025956,7.726103893855582
0.9063482621283633,7.6901816114096135
0.8823696982366179,7.681598468201981
0.8706815882862425,7.676789203858659
0.8614052243317779,7.673195696728393
0.8352659554119471,7.660771193991831
2.192890064080211,8.045506538284135
2.189104433764583,8.045932783003321
2.1519316252164407,8.040611171489287
1.9610862340686397,8.003972978142802
1.9968759191982195,8.01821620015733
1.9540385262423614,8.022845474838862
2.050721039780361,8.029904262157354
1.881752940156252,7.989287198764984
1.4767674148166254,7.907083291626456
1.2565104263604858,7.842109371876881
1.2270928110755455,7.834960667232718
1.1446588483273537,7.801911148368367
1.050410413348341,7.75792005288131
1.003313609852719,7.737382756236474
0.9363962421152031,7.706664051834093
0.9376354931885267,7.709876781300673
0.9553847337289224,7.722913498517378
2.018302397598133,8.021235328808464
1.131078930867118,7.793706509222313
1.014216250336246,7.740042706361484
0.9446766712844923,7.711501240999054
0.9123738110169803,7.6954693556803955
0.8531990535274395,7.667260928082929
0.8568202484263561,7.670439454418048
0.8027137226575846,7.64476113477355
1.5746257574705103,7.93407728005081
1.5650550230725744,7.93103259535391
1.5435184282772696,7.924823291523836
1.5290902107340596,7.919954975831961
1.4001419251114287,7.884483531378586
1.1866002212142523,7.821341541041461
1.1287652621967084,7.8001704587957015
1.0855738712476362,7.780447718928581
1.0300703150089536,7.7576772743900095
1.0207324318926212,7.756468051891241
0.9278150686581992,7.711492921172868
1.340285358481191,7.861606011672584
1.2961734709748125,7.846736923034069
1.359316049643723,7.868066483205082
1.3067360281166331,7.851442136229128
1.1220334157457537,7.796657852916317
1.0496366013809328,7.769213798085686
1.0345182927057672,7.761902640430394
0.998590981487001,7.745555736041916
1.0222574734604009,7.756324350177256
1.2503940879823061,7.829864179816656
1.2506206514005063,7.830250281935135
1.2244776139497058,7.82137759466237
1.202909256011474,7.813032223108345
0.916682151839307,7.7026221194301785
0.9163892999515744,7.702869692510214
0.8993946773157915,7.694879148119294
0.918201168389727,7.706483085638786
1.1348067763735754,7.787027362798054
1.1633363200049078,7.799799590057387
1.1485476980655753,7.79551489845703
1.1626594815797844,7.801243040726279
1.114823218835525,7.784245552076886
0.899758017055944,7.697213263945432
0.9086254822869291,7.701563551558205
0.9109899787302482,7.702848237112498
1.1122034297930887,7.769192122028552
1.0823714139040126,7.756120717010889
1.0186733223430606,7.737575771314485
1.0351722412763957,7.746658885954088
0.9177270791060328,7.703872004927686
0.901420598117918,7.696184575147582
0.9144128841756772,7.690126790424725
0.9143659454286683,7.690447036759562
0.9050987926643516,7.6860434349762965
0.9051172883520626,7.687851209276667
0.9048940050766258,7.690000095282825
1.8522886134126575,8.009089346490278
1.8887307207711652,8.018965120696716
1.721335982493272,7.982218332850115
1.377208351846505,7.889078818038187
1.4291534083839843,7.906843411547873
1.3843089081283964,7.892533188286575
1.3808499131290495,7.891819842674378
0.8921227829668447,7.705879182763139
0.89660147786347,7.709011557023321
0.8614797346561047,7.69149638487961
0.8454584588115138,7.683006852707551
1.7614987387426488,7.9983102530204695
1.7443062153995237,7.994758409654201
1.5955823741780928,7.9555023565450815
1.5711117410544966,7.948729308578845
1.440742905789091,7.9107729463179615
1.0471379287206952,7.774306660167549
1.0202955902398139,7.764504243974101
0.9141352997600851,7.716048383637754
0.9410042961552775,7.7295154210540336
0.8850392064065258,7.702371297467514
1.7880838913747752,8.006745109194354
1.6944395358003326,7.982809674750285
1.6368582831606373,7.9671057026707865
1.499846444347992,7.927669533711544
1.163340239777493,7.8174161527418455
1.0551111367685408,7.776533049242862
1.036961842694839,7.769553088204187
1.0150146698085891,7.760706745029118
0.9750033068677892,7.743571230711821
0.9165010405796729,7.717018056976932
2.4305815196998655,8.150967867446889
2.3764529822405365,8.140504295309844
1.5298396005941397,7.938909899932973
1.2725333712418705,7.855770653715367
1.2562892107783923,7.850565547473067
1.212771483735381,7.835060885951491
1.2026039811852343,7.831417843393365
1.199207990325847,7.829639208243431
2.1122987613063264,8.083580264752165
2.0302786543529,8.065297124170375
1.857026781873115,8.022578377903146
1.6536994872740836,7.969914680754916
1.413726888345456,7.9010435798047025
1.4013685688156414,7.897395592425677
2.161952304327783,8.067094776397573
2.1486267526157494,8.065019753323224
2.119515300146351,8.060677543928877
2.076947684473463,8.053107294844557
1.9598775214651198,8.030450794488498
1.3643324420363718,7.880398185129123
1.325541873171772,7.87037424000442
1.1477804461259256,7.808519191331889
1.0947498662194268,7.796710080271151
1.027795447866874,7.7721636950415185
1.0176961650754557,7.7704030196039975
2.2224105791637427,8.105432581724891
2.197364116646435,8.100485252299196
2.2323071282628013,8.107524526189943
2.124023164234828,8.08425795437444
1.1972201533948537,7.829329297057695
1.1230703737057208,7.803975464658612
1.0959813611342732,7.792127973552417
1.0228108722367362,7.760289335054645
0.9293495255651579,7.721553385508879
0.8805332340645174,7.701137877683433
0.8678046863552628,7.697614516937307
0.8087709130395547,7.668625697893085
2.226563175769616,8.103499057469842
2.2081350523714502,8.099713617371942
2.204364583440624,8.099215420780189
1.9350706263649196,8.038000858676712
1.4012100815156046,7.8923873482968725
1.2994882900324916,7.861051532855013
1.0709987832487777,7.7788238915407835
0.9148619972355286,7.711466946887943
0.9723160452767917,7.748344272343484
0.8232491496122176,7.671340940941831
0.8073625772879923,7.663923529212355
1.659056217648702,7.9726261885025425
1.6812745389490475,7.979229211657738
1.5580082925562433,7.945707355673178
1.4816189020249027,7.920645623694282
1.0586744138708315,7.775958019462892
1.011172057622774,7.7573506772491125
0.9051495588137068,7.708864525993998
0.891520151992514,7.702835470724047
1.5596204880906794,7.942738587594331
1.5362687404502393,7.935421337099004
1.3444489970552829,7.87278576028624
0.9701679653712716,7.736352215044664
0.9285711395972472,7.7164941414522135
1.3139620611173466,7.864258171157336
1.3156691697069376,7.86448210478953
1.1710297171290531,7.810436425435474
1.0557759162264895,7.772896090034788
2.990508990788796,8.254930082170418
1.769747188034327,8.021077931011975
1.4839023229481336,7.944808661092682
1.3313462037337482,7.890004063540543
1.1269672161650612,7.809979801415898
1.0257153003813593,7.764374052320295
0.9674169890569145,7.739245818223743
0.8872066016822799,7.70274748689781
0.8057110772994147,7.663085579928951
2.240332920995559,8.126707679973144
1.7764558961401633,8.02087033449245
1.213569874748786,7.849877367596086
1.2390449344506214,7.854935816726211
1.0361787307891417,7.768653727428236
0.873399329881871,7.691175164376181
0.8299829835146322,7.669601837588394
0.7491245858624966,7.629403307848178
0.733750829484404,7.619591695375021
3.142982809519094,8.275594904575172
3.1559841377144457,8.280309132643074
2.589701194130512,8.195240540193808
0.8956550489448022,7.696640643996061
0.8800673314226889,7.692195461172222
0.8192653320974422,7.663038636246525
0.7245094619400003,7.6070018820637
0.6886048337920766,7.584923469416905
3.1623221528136054,8.27987018341349
2.5730869444097832,8.178562435195085
1.28268810619911,7.851589771835124
0.9051859368581799,7.698918690227084
0.7425513993495189,7.611250159665866
0.7433044589324285,7.611914347711164
3.1241322674535166,8.269943815235084
2.380945403921814,8.137384867489422
1.9362573038727666,8.03830173169774
1.9054569071662675,8.032248000563065
2.870860501958775,8.229131079391301
2.6414874180044063,8.203692793471316
1.678888602852875,7.993429468334279
1.1945386118173738,7.837172523696982
1.0472592007585093,7.775262538019341
0.8712273297300959,7.68870424778248
0.8428474180987089,7.678117920218998
0.8499022862171395,7.685396544471219
2.0315982561298487,8.053540676201765
1.22416608284645,7.8283713831500075
0.8145684892292342,7.649082430728596
0.9824645989337523,7.737596690329631
0.17027070959605703,7.7353400056680455
0.16037307823777913,7.684669458963254
0.2984911753605659,7.842093618656599
0.28774701574563516,7.805789122961279
0.22598286886503738,7.674562494789521
0.44473221153162706,7.859644142241123
0.5264959291021775,7.900467595962529
1.5233883523526448,8.10296229786684
1.9045983407308624,8.160108446691027
2.055006815621372,8.182414713283139
2.156085427891187,8.189681655144863
2.1729800890483375,8.13130720371716
1.477760396135179,7.927844705339022
1.3774206890035925,7.899462913958514
0.2778805599244544,7.798372757753846
0.34141899016647453,7.833092206834993
0.2574721726922104,7.697432215750967
0.43353840572311636,7.874188992182671
0.8930258804534936,7.924778074077827
1.2904476819718291,8.044736716321468
1.2741821182708013,8.02314146268516
2.192274171878701,8.15278015247557
2.301803552896566,8.162892819768782
2.4592075220522243,8.169802427478349
1.2953537104342634,7.868672809880381
0.9686145080460219,7.739141714011137
0.9841314720621656,7.74520019126153
0.8923055117349478,7.704341977418731
0.8305506973758254,7.672780236697848
0.8117603209728201,7.663465667456184
0.7757225012573793,7.643913394986199
2.7940395546741796,8.227289792877777
2.541230845870211,8.17363589422587
1.7222380797149588,8.005801510947226
1.688306075373215,8.004770275150932
1.56889585853264,7.974461474703259
1.2404425810161266,7.85715060686232
1.1569737027754339,7.824154418790086
0.9846396373225723,7.7478878486492295
0.8218760899580474,7.670147884100954
0.782481097595711,7.654756667377745
0.7861441120757447,7.659687035292453
2.5322208269745228,8.244335592097931
2.787221971523005,8.267658548215913
2.4270980117923173,8.162441540272173
1.552918777923369,7.959674782899094
1.2226469336792005,7.848522861988119
0.9420613259543079,7.727109980913313
0.9326348637129608,7.722923430780335
2.8050889775768146,8.27663297717522
2.675381750032038,8.219774395693003
1.8615046967537239,8.031946285171635
1.317474090951881,7.881704110808806
1.1608528631475483,7.822685396346415
1.1726887194681168,7.828135014953509
3.2945808945359665,8.335230167561969
2.868676842278909,8.257926451764314
1.5900801046992015,7.975285444359851
1.3326337177899972,7.89803611730142
1.451095273781696,7.935122503309882
1.419519381812793,7.928189873111456
1.143388932274088,7.8239922924833705
1.136738475325029,7.818471161705381
0.7868762091912666,7.650530763191468
0.7944724689255166,7.6564486776019605
2.7474398454087265,8.211174757990205
2.731040177650838,8.208338894775974
2.236620143826328,8.096155217486137
1.3428811906055684,7.869052212400077
0.735752484036173,7.610323595164759
0.6503724506252688,7.5576348468931585
0.6087982715560076,7.529048433670894
2.814907013621121,8.243722733671573
2.7890694460499295,8.237685569964254
1.6096430102040165,7.954930647924044
0.8944132466402493,7.688352370986686
0.7681035645123624,7.626972821603896
2.573086003747608,8.174812613431595
2.462781988278695,8.159717414849487
1.915704017673407,8.050519858889595
1.5903221798346707,7.976747064738605
1.5005981575968388,7.949916174939418
1.3692179711151262,7.9068927232730895
1.1466666141674324,7.823491141109363
1.1170390239426262,7.814975567620296
1.0433711575608584,7.783506842100186
0.9101947515911899,7.72452789970099
3.3866658845523934,8.334667523043148
2.5953224812283993,8.186019652938686
2.051987010703687,8.079595445429522
1.589534821745474,7.985503555431193
1.456504565576118,7.945407816002803
1.3252589966075927,7.896876059129876
1.0484445809114507,7.7856168987613765
0.9505444563652771,7.741598498095154
0.9283707939412378,7.7330005693935915
0.8530026400543056,7.699535579821224
0.83285387766374,7.689287913694637
2.928041149239628,8.266387691889449
1.4281757671613369,7.923485690456148
1.110271826490935,7.809609285675558
0.9067362478522667,7.720616173591968
0.8460285159812687,7.69046960546529
0.8530323184161421,7.695327993114077
0.8757866868459728,7.709719110811663
0.7703839161579851,7.653573113893532
0.7646293285858106,7.6515113844945075
0.7377888601341395,7.636926961242386
1.093426040244753,7.796063189199723
1.2018936785536218,7.843690864213353
0.8941746130683036,7.715552329748834
0.8732837912783669,7.706216079298023
0.8730811240910158,7.705572147469431
0.8738227718966426,7.706290736286299
0.8561877311507909,7.696916317418247
0.8527334900222101,7.6963520962438725
2.047347144235965,8.092168072204633
2.0979081656259444,8.107185153272749
2.1983891617338482,8.124592120741776
1.7429780436618543,8.016248655754728
1.4520031029710085,7.9268809462667935
0.9351263414092148,7.720499723075392
0.9674513304986487,7.740140613902717
3.9787295343458813,8.416761665612263
3.957315997145986,8.415210258006322
3.560994147796,8.369867310634762
1.6362748923836983,7.989573635978977
1.241129562202464,7.860520335494494
1.1832519346722967,7.8359164624704745
2.5647612688699253,8.203038784459595
2.536372665552578,8.196829982955983
2.0980650972707497,8.097481142524847
1.0523932145668211,7.785991771079684
1.0021940392849016,7.7644689241582565
0.9099952181492804,7.721029404854647
0.7942762963513211,7.666236602032673
0.8333198112124571,7.689275272328984
0.8352095523549772,7.691204931604681
0.7891905589696875,7.667376550780064
0.7779262653496213,7.6628250294318025
3.134695671754357,8.338679398280393
3.39629684131115,8.372669252860955
2.116607156241567,8.133458869299899
2.34418735402935,8.180295145097267
1.608667141883161,8.002859173776843
1.71288756069816,8.030007792191359
1.6736409379523078,8.027362036869569
1.732860579654803,8.03546701817002
1.6317271732664052,8.011226125877743
1.651775214329657,8.02558217792402
1.5932659354463627,8.006082172356109
1.3564575914162151,7.924449962412312
1.38451946491831,7.93676316020625
1.0833725852479676,7.810853485345921
1.0020089836834025,7.772530750492155
1.1055133644519388,7.820940523792775
0.8083368502766345,7.6729319527240785
0.9738219364641583,7.759885872239074
0.7657367113512492,7.64890721168478
0.8016382420711926,7.6684945245537355
2.791858562211303,8.288965734107382
2.7568971811509146,8.285531814902775
2.7512369668097465,8.285666162671047
2.59824784186322,8.259818187394082
1.2489431695325055,7.902348770165879
1.4211786436167293,7.958240633076641
1.5378143108439648,7.992555632807509
1.4221269657806512,7.9516765910570175
1.1448562488988225,7.841138376524702
0.8780759396373464,7.712391925061545
0.8569954110887882,7.703867026340652
2.557941817425298,8.125646960380875
2.3667677001417853,8.087069611799599
2.539728020263327,8.120874248306306
2.501230295235738,8.116216459813085
1.8099922566686315,7.989418885097186
1.072531441471298,7.787993482619041
1.042535328625604,7.795858278757773
1.1246010318995776,7.839162124252137
1.1059742511795814,7.827767278964429
0.7931963577740507,7.665439709527164
0.7924777126863723,7.663994372420112
2.335612342239662,8.152637472425983
1.1775306654424802,7.849779804283508
1.0365217148049897,7.795396418141416
1.0222403639063984,7.789838952683513
0.8093580138732496,7.674355592267926
0.7363368044123044,7.633840267207202
0.772542918542835,7.653992136500903
0.7817095422623639,7.659304994446546
0.7651849257724553,7.6496972974804285
0.7017488848908513,7.614372745277039
0.672345883982915,7.591894029068304
0.6112089535285894,7.553110028270182
0.541958196280633,7.499565396058617
0.6093168724112521,7.555024570215987
0.7518160789957399,7.63920199319047
0.7403372250032033,7.638465586266153
0.6340177600495778,7.567807191455461
0.5929580313193292,7.5394056899937745
0.7805115406448584,7.653055804709119
0.7406548869686566,7.631932604507
0.7177380812252545,7.621897963011844
0.719096213369802,7.622086753146414
0.6130848497065692,7.5430207515146455
0.579137232915506,7.5221679728215145
0.6236990468812922,7.551625075731035
0.6145627730021858,7.543339375080921
0.684049115036189,7.592802488887511
0.5717628521293485,7.513677840974906
0.5825941825008311,7.517323246619042
0.65781138564226,7.574330925703251
0.5730288701164767,7.510626376023865
0.5623938498855073,7.502564691924447
0.6771968645413933,7.585541500444942
0.6539933317175601,7.5699024692686265
0.6831759996937383,7.588943004982986
0.8024505672326931,7.645571199604427
0.7787249225689747,7.632310726965914
0.7768389524361274,7.633003295878533
0.7551358101411675,7.614441384737545
